ID,Pred
2022_1103_1104,0.804
2022_1103_1112,0.9319999999999999
2022_1103_1116,0.821
2022_1103_1120,0.855
2022_1103_1124,0.908
2022_1103_1129,0.765
2022_1103_1136,0.542
2022_1103_1151,0.625
2022_1103_1159,0.5389999999999999
2022_1103_1161,0.74
2022_1103_1163,0.776
2022_1103_1166,0.7050000000000001
2022_1103_1168,0.5800000000000001
2022_1103_1172,0.71
2022_1103_1174,0.567
2022_1103_1181,0.8180000000000001
2022_1103_1209,0.501
2022_1103_1211,0.919
2022_1103_1222,0.789
2022_1103_1228,0.8280000000000001
2022_1103_1231,0.767
2022_1103_1234,0.837
2022_1103_1235,0.712
2022_1103_1240,0.5349999999999999
2022_1103_1242,0.9410000000000001
2022_1103_1246,0.913
2022_1103_1255,0.527
2022_1103_1260,0.708
2022_1103_1261,0.81
2022_1103_1266,0.786
2022_1103_1272,0.737
2022_1103_1274,0.65
2022_1103_1276,0.771
2022_1103_1277,0.79
2022_1103_1286,0.508
2022_1103_1293,0.659
2022_1103_1308,0.597
2022_1103_1313,0.523
2022_1103_1314,0.7150000000000001
2022_1103_1323,0.722
2022_1103_1326,0.8140000000000001
2022_1103_1344,0.734
2022_1103_1345,0.889
2022_1103_1350,0.639
2022_1103_1353,0.725
2022_1103_1355,0.607
2022_1103_1361,0.758
2022_1103_1362,0.748
2022_1103_1371,0.775
2022_1103_1388,0.831
2022_1103_1389,0.5549999999999999
2022_1103_1394,0.528
2022_1103_1395,0.732
2022_1103_1397,0.908
2022_1103_1400,0.784
2022_1103_1403,0.907
2022_1103_1411,0.527
2022_1103_1412,0.642
2022_1103_1417,0.865
2022_1103_1425,0.714
2022_1103_1436,0.634
2022_1103_1437,0.92
2022_1103_1439,0.758
2022_1103_1458,0.784
2022_1103_1460,0.575
2022_1103_1461,0.6930000000000001
2022_1103_1463,0.618
2022_1104_1112,0.731
2022_1104_1116,0.61
2022_1104_1120,0.629
2022_1104_1124,0.736
2022_1104_1129,0.516
2022_1104_1136,0.767
2022_1104_1151,0.654
2022_1104_1159,0.662
2022_1104_1161,0.518
2022_1104_1163,0.5840000000000001
2022_1104_1166,0.515
2022_1104_1168,0.737
2022_1104_1172,0.554
2022_1104_1174,0.72
2022_1104_1181,0.628
2022_1104_1209,0.719
2022_1104_1211,0.758
2022_1104_1222,0.5860000000000001
2022_1104_1228,0.617
2022_1104_1231,0.525
2022_1104_1234,0.644
2022_1104_1235,0.517
2022_1104_1240,0.658
2022_1104_1242,0.761
2022_1104_1246,0.7030000000000001
2022_1104_1255,0.75
2022_1104_1260,0.528
2022_1104_1261,0.5780000000000001
2022_1104_1266,0.5369999999999999
2022_1104_1272,0.515
2022_1104_1274,0.543
2022_1104_1276,0.508
2022_1104_1277,0.589
2022_1104_1286,0.708
2022_1104_1293,0.572
2022_1104_1308,0.652
2022_1104_1313,0.751
2022_1104_1314,0.549
2022_1104_1323,0.585
2022_1104_1326,0.5609999999999999
2022_1104_1344,0.515
2022_1104_1345,0.63
2022_1104_1350,0.67
2022_1104_1353,0.511
2022_1104_1355,0.643
2022_1104_1361,0.552
2022_1104_1362,0.52
2022_1104_1371,0.528
2022_1104_1388,0.501
2022_1104_1389,0.73
2022_1104_1394,0.721
2022_1104_1395,0.5429999999999999
2022_1104_1397,0.6859999999999999
2022_1104_1400,0.565
2022_1104_1403,0.6699999999999999
2022_1104_1411,0.763
2022_1104_1412,0.545
2022_1104_1417,0.6659999999999999
2022_1104_1425,0.54
2022_1104_1436,0.607
2022_1104_1437,0.744
2022_1104_1439,0.5529999999999999
2022_1104_1458,0.5569999999999999
2022_1104_1460,0.754
2022_1104_1461,0.544
2022_1104_1463,0.718
2022_1112_1116,0.635
2022_1112_1120,0.581
2022_1112_1124,0.5529999999999999
2022_1112_1129,0.684
2022_1112_1136,0.955
2022_1112_1151,0.846
2022_1112_1159,0.877
2022_1112_1161,0.713
2022_1112_1163,0.667
2022_1112_1166,0.755
2022_1112_1168,0.921
2022_1112_1172,0.788
2022_1112_1174,0.892
2022_1112_1181,0.547
2022_1112_1209,0.91
2022_1112_1211,0.575
2022_1112_1222,0.616
2022_1112_1228,0.65
2022_1112_1231,0.68
2022_1112_1234,0.55
2022_1112_1235,0.718
2022_1112_1240,0.88
2022_1112_1242,0.529
2022_1112_1246,0.53
2022_1112_1255,0.951
2022_1112_1260,0.787
2022_1112_1261,0.685
2022_1112_1266,0.648
2022_1112_1272,0.694
2022_1112_1274,0.75
2022_1112_1276,0.678
2022_1112_1277,0.7
2022_1112_1286,0.9
2022_1112_1293,0.849
2022_1112_1308,0.848
2022_1112_1313,0.937
2022_1112_1314,0.735
2022_1112_1323,0.775
2022_1112_1326,0.677
2022_1112_1344,0.719
2022_1112_1345,0.615
2022_1112_1350,0.839
2022_1112_1353,0.714
2022_1112_1355,0.878
2022_1112_1361,0.687
2022_1112_1362,0.763
2022_1112_1371,0.707
2022_1112_1388,0.68
2022_1112_1389,0.915
2022_1112_1394,0.944
2022_1112_1395,0.71
2022_1112_1397,0.534
2022_1112_1400,0.677
2022_1112_1403,0.569
2022_1112_1411,0.959
2022_1112_1412,0.82
2022_1112_1417,0.537
2022_1112_1425,0.784
2022_1112_1436,0.856
2022_1112_1437,0.517
2022_1112_1439,0.7
2022_1112_1458,0.657
2022_1112_1460,0.942
2022_1112_1461,0.746
2022_1112_1463,0.904
2022_1116_1120,0.507
2022_1116_1124,0.671
2022_1116_1129,0.587
2022_1116_1136,0.863
2022_1116_1151,0.734
2022_1116_1159,0.753
2022_1116_1161,0.564
2022_1116_1163,0.507
2022_1116_1166,0.582
2022_1116_1168,0.836
2022_1116_1172,0.656
2022_1116_1174,0.816
2022_1116_1181,0.534
2022_1116_1209,0.817
2022_1116_1211,0.7090000000000001
2022_1116_1222,0.503
2022_1116_1228,0.5449999999999999
2022_1116_1231,0.513
2022_1116_1234,0.609
2022_1116_1235,0.57
2022_1116_1240,0.767
2022_1116_1242,0.6930000000000001
2022_1116_1246,0.636
2022_1116_1255,0.845
2022_1116_1260,0.628
2022_1116_1261,0.509
2022_1116_1266,0.512
2022_1116_1272,0.543
2022_1116_1274,0.609
2022_1116_1276,0.581
2022_1116_1277,0.503
2022_1116_1286,0.81
2022_1116_1293,0.692
2022_1116_1308,0.732
2022_1116_1313,0.824
2022_1116_1314,0.585
2022_1116_1323,0.669
2022_1116_1326,0.513
2022_1116_1344,0.598
2022_1116_1345,0.5389999999999999
2022_1116_1350,0.711
2022_1116_1353,0.599
2022_1116_1355,0.735
2022_1116_1361,0.515
2022_1116_1362,0.595
2022_1116_1371,0.579
2022_1116_1388,0.547
2022_1116_1389,0.826
2022_1116_1394,0.848
2022_1116_1395,0.544
2022_1116_1397,0.71
2022_1116_1400,0.53
2022_1116_1403,0.5880000000000001
2022_1116_1411,0.848
2022_1116_1412,0.68
2022_1116_1417,0.619
2022_1116_1425,0.638
2022_1116_1436,0.722
2022_1116_1437,0.6839999999999999
2022_1116_1439,0.534
2022_1116_1458,0.511
2022_1116_1460,0.854
2022_1116_1461,0.624
2022_1116_1463,0.792
2022_1120_1124,0.614
2022_1120_1129,0.661
2022_1120_1136,0.936
2022_1120_1151,0.836
2022_1120_1159,0.835
2022_1120_1161,0.671
2022_1120_1163,0.544
2022_1120_1166,0.644
2022_1120_1168,0.891
2022_1120_1172,0.731
2022_1120_1174,0.866
2022_1120_1181,0.505
2022_1120_1209,0.876
2022_1120_1211,0.663
2022_1120_1222,0.559
2022_1120_1228,0.57
2022_1120_1231,0.645
2022_1120_1234,0.532
2022_1120_1235,0.668
2022_1120_1240,0.828
2022_1120_1242,0.5720000000000001
2022_1120_1246,0.611
2022_1120_1255,0.913
2022_1120_1260,0.695
2022_1120_1261,0.577
2022_1120_1266,0.641
2022_1120_1272,0.633
2022_1120_1274,0.678
2022_1120_1276,0.655
2022_1120_1277,0.608
2022_1120_1286,0.891
2022_1120_1293,0.764
2022_1120_1308,0.798
2022_1120_1313,0.887
2022_1120_1314,0.652
2022_1120_1323,0.698
2022_1120_1326,0.594
2022_1120_1344,0.642
2022_1120_1345,0.524
2022_1120_1350,0.798
2022_1120_1353,0.664
2022_1120_1355,0.784
2022_1120_1361,0.623
2022_1120_1362,0.645
2022_1120_1371,0.626
2022_1120_1388,0.596
2022_1120_1389,0.898
2022_1120_1394,0.901
2022_1120_1395,0.641
2022_1120_1397,0.596
2022_1120_1400,0.614
2022_1120_1403,0.5660000000000001
2022_1120_1411,0.922
2022_1120_1412,0.733
2022_1120_1417,0.591
2022_1120_1425,0.688
2022_1120_1436,0.784
2022_1120_1437,0.573
2022_1120_1439,0.611
2022_1120_1458,0.585
2022_1120_1460,0.915
2022_1120_1461,0.711
2022_1120_1463,0.869
2022_1124_1129,0.732
2022_1124_1136,0.97
2022_1124_1151,0.873
2022_1124_1159,0.885
2022_1124_1161,0.711
2022_1124_1163,0.636
2022_1124_1166,0.743
2022_1124_1168,0.928
2022_1124_1172,0.806
2022_1124_1174,0.91
2022_1124_1181,0.557
2022_1124_1209,0.92
2022_1124_1211,0.587
2022_1124_1222,0.632
2022_1124_1228,0.611
2022_1124_1231,0.666
2022_1124_1234,0.568
2022_1124_1235,0.714
2022_1124_1240,0.867
2022_1124_1242,0.556
2022_1124_1246,0.532
2022_1124_1255,0.958
2022_1124_1260,0.808
2022_1124_1261,0.651
2022_1124_1266,0.659
2022_1124_1272,0.702
2022_1124_1274,0.754
2022_1124_1276,0.672
2022_1124_1277,0.63
2022_1124_1286,0.926
2022_1124_1293,0.849
2022_1124_1308,0.853
2022_1124_1313,0.936
2022_1124_1314,0.71
2022_1124_1323,0.792
2022_1124_1326,0.664
2022_1124_1344,0.703
2022_1124_1345,0.601
2022_1124_1350,0.851
2022_1124_1353,0.745
2022_1124_1355,0.869
2022_1124_1361,0.669
2022_1124_1362,0.741
2022_1124_1371,0.721
2022_1124_1388,0.664
2022_1124_1389,0.933
2022_1124_1394,0.942
2022_1124_1395,0.658
2022_1124_1397,0.5469999999999999
2022_1124_1400,0.651
2022_1124_1403,0.528
2022_1124_1411,0.965
2022_1124_1412,0.832
2022_1124_1417,0.512
2022_1124_1425,0.777
2022_1124_1436,0.851
2022_1124_1437,0.53
2022_1124_1439,0.703
2022_1124_1458,0.632
2022_1124_1460,0.961
2022_1124_1461,0.764
2022_1124_1463,0.923
2022_1129_1136,0.787
2022_1129_1151,0.629
2022_1129_1159,0.666
2022_1129_1161,0.515
2022_1129_1163,0.589
2022_1129_1166,0.532
2022_1129_1168,0.722
2022_1129_1172,0.526
2022_1129_1174,0.711
2022_1129_1181,0.647
2022_1129_1209,0.722
2022_1129_1211,0.759
2022_1129_1222,0.636
2022_1129_1228,0.5720000000000001
2022_1129_1231,0.532
2022_1129_1234,0.646
2022_1129_1235,0.511
2022_1129_1240,0.674
2022_1129_1242,0.7170000000000001
2022_1129_1246,0.704
2022_1129_1255,0.747
2022_1129_1260,0.52
2022_1129_1261,0.583
2022_1129_1266,0.527
2022_1129_1272,0.5589999999999999
2022_1129_1274,0.536
2022_1129_1276,0.503
2022_1129_1277,0.507
2022_1129_1286,0.731
2022_1129_1293,0.547
2022_1129_1308,0.649
2022_1129_1313,0.753
2022_1129_1314,0.503
2022_1129_1323,0.51
2022_1129_1326,0.5569999999999999
2022_1129_1344,0.524
2022_1129_1345,0.605
2022_1129_1350,0.617
2022_1129_1353,0.502
2022_1129_1355,0.616
2022_1129_1361,0.525
2022_1129_1362,0.516
2022_1129_1371,0.521
2022_1129_1388,0.573
2022_1129_1389,0.702
2022_1129_1394,0.754
2022_1129_1395,0.524
2022_1129_1397,0.712
2022_1129_1400,0.513
2022_1129_1403,0.6890000000000001
2022_1129_1411,0.772
2022_1129_1412,0.526
2022_1129_1417,0.675
2022_1129_1425,0.506
2022_1129_1436,0.59
2022_1129_1437,0.696
2022_1129_1439,0.5449999999999999
2022_1129_1458,0.542
2022_1129_1460,0.741
2022_1129_1461,0.511
2022_1129_1463,0.698
2022_1136_1151,0.603
2022_1136_1159,0.53
2022_1136_1161,0.753
2022_1136_1163,0.7989999999999999
2022_1136_1166,0.732
2022_1136_1168,0.581
2022_1136_1172,0.714
2022_1136_1174,0.5860000000000001
2022_1136_1181,0.857
2022_1136_1209,0.525
2022_1136_1211,0.961
2022_1136_1222,0.7969999999999999
2022_1136_1228,0.865
2022_1136_1231,0.766
2022_1136_1234,0.833
2022_1136_1235,0.726
2022_1136_1240,0.52
2022_1136_1242,0.937
2022_1136_1246,0.946
2022_1136_1255,0.542
2022_1136_1260,0.7010000000000001
2022_1136_1261,0.821
2022_1136_1266,0.792
2022_1136_1272,0.787
2022_1136_1274,0.698
2022_1136_1276,0.759
2022_1136_1277,0.8109999999999999
2022_1136_1286,0.5329999999999999
2022_1136_1293,0.624
2022_1136_1308,0.581
2022_1136_1313,0.547
2022_1136_1314,0.71
2022_1136_1323,0.732
2022_1136_1326,0.8200000000000001
2022_1136_1344,0.768
2022_1136_1345,0.882
2022_1136_1350,0.641
2022_1136_1353,0.744
2022_1136_1355,0.5640000000000001
2022_1136_1361,0.793
2022_1136_1362,0.773
2022_1136_1371,0.786
2022_1136_1388,0.8140000000000001
2022_1136_1389,0.546
2022_1136_1394,0.555
2022_1136_1395,0.75
2022_1136_1397,0.914
2022_1136_1400,0.794
2022_1136_1403,0.928
2022_1136_1411,0.508
2022_1136_1412,0.615
2022_1136_1417,0.925
2022_1136_1425,0.7170000000000001
2022_1136_1436,0.613
2022_1136_1437,0.935
2022_1136_1439,0.788
2022_1136_1458,0.785
2022_1136_1460,0.569
2022_1136_1461,0.727
2022_1136_1463,0.602
2022_1151_1159,0.559
2022_1151_1161,0.641
2022_1151_1163,0.6890000000000001
2022_1151_1166,0.615
2022_1151_1168,0.576
2022_1151_1172,0.63
2022_1151_1174,0.558
2022_1151_1181,0.789
2022_1151_1209,0.607
2022_1151_1211,0.874
2022_1151_1222,0.742
2022_1151_1228,0.753
2022_1151_1231,0.652
2022_1151_1234,0.786
2022_1151_1235,0.604
2022_1151_1240,0.553
2022_1151_1242,0.883
2022_1151_1246,0.857
2022_1151_1255,0.643
2022_1151_1260,0.596
2022_1151_1261,0.721
2022_1151_1266,0.6950000000000001
2022_1151_1272,0.679
2022_1151_1274,0.562
2022_1151_1276,0.679
2022_1151_1277,0.69
2022_1151_1286,0.616
2022_1151_1293,0.5720000000000001
2022_1151_1308,0.521
2022_1151_1313,0.642
2022_1151_1314,0.622
2022_1151_1323,0.619
2022_1151_1326,0.756
2022_1151_1344,0.641
2022_1151_1345,0.808
2022_1151_1350,0.529
2022_1151_1353,0.619
2022_1151_1355,0.504
2022_1151_1361,0.673
2022_1151_1362,0.681
2022_1151_1371,0.651
2022_1151_1388,0.748
2022_1151_1389,0.573
2022_1151_1394,0.621
2022_1151_1395,0.636
2022_1151_1397,0.823
2022_1151_1400,0.681
2022_1151_1403,0.836
2022_1151_1411,0.641
2022_1151_1412,0.526
2022_1151_1417,0.85
2022_1151_1425,0.602
2022_1151_1436,0.501
2022_1151_1437,0.873
2022_1151_1439,0.685
2022_1151_1458,0.719
2022_1151_1460,0.569
2022_1151_1461,0.612
2022_1151_1463,0.551
2022_1159_1161,0.696
2022_1159_1163,0.746
2022_1159_1166,0.692
2022_1159_1168,0.593
2022_1159_1172,0.6799999999999999
2022_1159_1174,0.618
2022_1159_1181,0.8069999999999999
2022_1159_1209,0.5640000000000001
2022_1159_1211,0.888
2022_1159_1222,0.778
2022_1159_1228,0.796
2022_1159_1231,0.714
2022_1159_1234,0.81
2022_1159_1235,0.643
2022_1159_1240,0.56
2022_1159_1242,0.902
2022_1159_1246,0.858
2022_1159_1255,0.509
2022_1159_1260,0.667
2022_1159_1261,0.808
2022_1159_1266,0.754
2022_1159_1272,0.749
2022_1159_1274,0.6739999999999999
2022_1159_1276,0.6910000000000001
2022_1159_1277,0.743
2022_1159_1286,0.569
2022_1159_1293,0.636
2022_1159_1308,0.616
2022_1159_1313,0.519
2022_1159_1314,0.642
2022_1159_1323,0.6739999999999999
2022_1159_1326,0.786
2022_1159_1344,0.731
2022_1159_1345,0.83
2022_1159_1350,0.643
2022_1159_1353,0.729
2022_1159_1355,0.581
2022_1159_1361,0.744
2022_1159_1362,0.74
2022_1159_1371,0.7130000000000001
2022_1159_1388,0.758
2022_1159_1389,0.575
2022_1159_1394,0.534
2022_1159_1395,0.6910000000000001
2022_1159_1397,0.829
2022_1159_1400,0.733
2022_1159_1403,0.868
2022_1159_1411,0.538
2022_1159_1412,0.63
2022_1159_1417,0.864
2022_1159_1425,0.685
2022_1159_1436,0.619
2022_1159_1437,0.883
2022_1159_1439,0.749
2022_1159_1458,0.732
2022_1159_1460,0.596
2022_1159_1461,0.6779999999999999
2022_1159_1463,0.575
2022_1161_1163,0.502
2022_1161_1166,0.572
2022_1161_1168,0.783
2022_1161_1172,0.608
2022_1161_1174,0.741
2022_1161_1181,0.5589999999999999
2022_1161_1209,0.798
2022_1161_1211,0.732
2022_1161_1222,0.5529999999999999
2022_1161_1228,0.5609999999999999
2022_1161_1231,0.524
2022_1161_1234,0.631
2022_1161_1235,0.536
2022_1161_1240,0.737
2022_1161_1242,0.731
2022_1161_1246,0.633
2022_1161_1255,0.83
2022_1161_1260,0.571
2022_1161_1261,0.531
2022_1161_1266,0.549
2022_1161_1272,0.507
2022_1161_1274,0.588
2022_1161_1276,0.516
2022_1161_1277,0.5349999999999999
2022_1161_1286,0.777
2022_1161_1293,0.616
2022_1161_1308,0.667
2022_1161_1313,0.82
2022_1161_1314,0.501
2022_1161_1323,0.584
2022_1161_1326,0.524
2022_1161_1344,0.535
2022_1161_1345,0.5469999999999999
2022_1161_1350,0.673
2022_1161_1353,0.596
2022_1161_1355,0.688
2022_1161_1361,0.505
2022_1161_1362,0.521
2022_1161_1371,0.509
2022_1161_1388,0.5389999999999999
2022_1161_1389,0.756
2022_1161_1394,0.829
2022_1161_1395,0.529
2022_1161_1397,0.74
2022_1161_1400,0.507
2022_1161_1403,0.619
2022_1161_1411,0.816
2022_1161_1412,0.635
2022_1161_1417,0.653
2022_1161_1425,0.556
2022_1161_1436,0.685
2022_1161_1437,0.723
2022_1161_1439,0.529
2022_1161_1458,0.521
2022_1161_1460,0.813
2022_1161_1461,0.54
2022_1161_1463,0.739
2022_1163_1166,0.597
2022_1163_1168,0.827
2022_1163_1172,0.68
2022_1163_1174,0.816
2022_1163_1181,0.53
2022_1163_1209,0.819
2022_1163_1211,0.6859999999999999
2022_1163_1222,0.536
2022_1163_1228,0.548
2022_1163_1231,0.533
2022_1163_1234,0.587
2022_1163_1235,0.554
2022_1163_1240,0.764
2022_1163_1242,0.587
2022_1163_1246,0.609
2022_1163_1255,0.833
2022_1163_1260,0.576
2022_1163_1261,0.532
2022_1163_1266,0.548
2022_1163_1272,0.554
2022_1163_1274,0.624
2022_1163_1276,0.563
2022_1163_1277,0.523
2022_1163_1286,0.814
2022_1163_1293,0.687
2022_1163_1308,0.745
2022_1163_1313,0.818
2022_1163_1314,0.619
2022_1163_1323,0.637
2022_1163_1326,0.529
2022_1163_1344,0.592
2022_1163_1345,0.503
2022_1163_1350,0.76
2022_1163_1353,0.581
2022_1163_1355,0.735
2022_1163_1361,0.53
2022_1163_1362,0.508
2022_1163_1371,0.529
2022_1163_1388,0.549
2022_1163_1389,0.81
2022_1163_1394,0.812
2022_1163_1395,0.538
2022_1163_1397,0.595
2022_1163_1400,0.511
2022_1163_1403,0.596
2022_1163_1411,0.858
2022_1163_1412,0.655
2022_1163_1417,0.6
2022_1163_1425,0.596
2022_1163_1436,0.688
2022_1163_1437,0.603
2022_1163_1439,0.54
2022_1163_1458,0.502
2022_1163_1460,0.832
2022_1163_1461,0.627
2022_1163_1463,0.788
2022_1166_1168,0.682
2022_1166_1172,0.544
2022_1166_1174,0.675
2022_1166_1181,0.6699999999999999
2022_1166_1209,0.691
2022_1166_1211,0.795
2022_1166_1222,0.645
2022_1166_1228,0.7170000000000001
2022_1166_1231,0.617
2022_1166_1234,0.7150000000000001
2022_1166_1235,0.573
2022_1166_1240,0.635
2022_1166_1242,0.756
2022_1166_1246,0.775
2022_1166_1255,0.691
2022_1166_1260,0.556
2022_1166_1261,0.6659999999999999
2022_1166_1266,0.583
2022_1166_1272,0.636
2022_1166_1274,0.563
2022_1166_1276,0.585
2022_1166_1277,0.6799999999999999
2022_1166_1286,0.66
2022_1166_1293,0.512
2022_1166_1308,0.605
2022_1166_1313,0.679
2022_1166_1314,0.546
2022_1166_1323,0.525
2022_1166_1326,0.604
2022_1166_1344,0.567
2022_1166_1345,0.6859999999999999
2022_1166_1350,0.564
2022_1166_1353,0.5509999999999999
2022_1166_1355,0.577
2022_1166_1361,0.64
2022_1166_1362,0.5840000000000001
2022_1166_1371,0.618
2022_1166_1388,0.577
2022_1166_1389,0.674
2022_1166_1394,0.702
2022_1166_1395,0.5900000000000001
2022_1166_1397,0.772
2022_1166_1400,0.637
2022_1166_1403,0.756
2022_1166_1411,0.707
2022_1166_1412,0.517
2022_1166_1417,0.734
2022_1166_1425,0.562
2022_1166_1436,0.564
2022_1166_1437,0.789
2022_1166_1439,0.602
2022_1166_1458,0.65
2022_1166_1460,0.713
2022_1166_1461,0.5640000000000001
2022_1166_1463,0.643
2022_1168_1172,0.745
2022_1168_1174,0.53
2022_1168_1181,0.858
2022_1168_1209,0.53
2022_1168_1211,0.96
2022_1168_1222,0.8260000000000001
2022_1168_1228,0.871
2022_1168_1231,0.8089999999999999
2022_1168_1234,0.881
2022_1168_1235,0.761
2022_1168_1240,0.517
2022_1168_1242,0.963
2022_1168_1246,0.958
2022_1168_1255,0.541
2022_1168_1260,0.729
2022_1168_1261,0.846
2022_1168_1266,0.83
2022_1168_1272,0.796
2022_1168_1274,0.694
2022_1168_1276,0.821
2022_1168_1277,0.829
2022_1168_1286,0.512
2022_1168_1293,0.6759999999999999
2022_1168_1308,0.5740000000000001
2022_1168_1313,0.529
2022_1168_1314,0.747
2022_1168_1323,0.774
2022_1168_1326,0.859
2022_1168_1344,0.778
2022_1168_1345,0.906
2022_1168_1350,0.631
2022_1168_1353,0.756
2022_1168_1355,0.624
2022_1168_1361,0.8
2022_1168_1362,0.786
2022_1168_1371,0.815
2022_1168_1388,0.848
2022_1168_1389,0.53
2022_1168_1394,0.568
2022_1168_1395,0.792
2022_1168_1397,0.924
2022_1168_1400,0.8220000000000001
2022_1168_1403,0.94
2022_1168_1411,0.554
2022_1168_1412,0.669
2022_1168_1417,0.927
2022_1168_1425,0.75
2022_1168_1436,0.652
2022_1168_1437,0.955
2022_1168_1439,0.813
2022_1168_1458,0.8200000000000001
2022_1168_1460,0.5449999999999999
2022_1168_1461,0.725
2022_1168_1463,0.614
2022_1172_1174,0.668
2022_1172_1181,0.6819999999999999
2022_1172_1209,0.68
2022_1172_1211,0.8069999999999999
2022_1172_1222,0.626
2022_1172_1228,0.622
2022_1172_1231,0.505
2022_1172_1234,0.673
2022_1172_1235,0.541
2022_1172_1240,0.647
2022_1172_1242,0.786
2022_1172_1246,0.737
2022_1172_1255,0.721
2022_1172_1260,0.527
2022_1172_1261,0.587
2022_1172_1266,0.521
2022_1172_1272,0.5469999999999999
2022_1172_1274,0.525
2022_1172_1276,0.508
2022_1172_1277,0.513
2022_1172_1286,0.73
2022_1172_1293,0.506
2022_1172_1308,0.603
2022_1172_1313,0.729
2022_1172_1314,0.513
2022_1172_1323,0.504
2022_1172_1326,0.585
2022_1172_1344,0.5449999999999999
2022_1172_1345,0.712
2022_1172_1350,0.582
2022_1172_1353,0.511
2022_1172_1355,0.573
2022_1172_1361,0.563
2022_1172_1362,0.554
2022_1172_1371,0.5509999999999999
2022_1172_1388,0.608
2022_1172_1389,0.687
2022_1172_1394,0.717
2022_1172_1395,0.53
2022_1172_1397,0.782
2022_1172_1400,0.52
2022_1172_1403,0.736
2022_1172_1411,0.728
2022_1172_1412,0.559
2022_1172_1417,0.735
2022_1172_1425,0.506
2022_1172_1436,0.599
2022_1172_1437,0.786
2022_1172_1439,0.5589999999999999
2022_1172_1458,0.5920000000000001
2022_1172_1460,0.699
2022_1172_1461,0.505
2022_1172_1463,0.681
2022_1174_1181,0.852
2022_1174_1209,0.528
2022_1174_1211,0.937
2022_1174_1222,0.7969999999999999
2022_1174_1228,0.846
2022_1174_1231,0.766
2022_1174_1234,0.858
2022_1174_1235,0.719
2022_1174_1240,0.518
2022_1174_1242,0.942
2022_1174_1246,0.933
2022_1174_1255,0.556
2022_1174_1260,0.7170000000000001
2022_1174_1261,0.838
2022_1174_1266,0.793
2022_1174_1272,0.759
2022_1174_1274,0.6739999999999999
2022_1174_1276,0.79
2022_1174_1277,0.8009999999999999
2022_1174_1286,0.519
2022_1174_1293,0.6639999999999999
2022_1174_1308,0.5660000000000001
2022_1174_1313,0.554
2022_1174_1314,0.712
2022_1174_1323,0.763
2022_1174_1326,0.831
2022_1174_1344,0.759
2022_1174_1345,0.896
2022_1174_1350,0.61
2022_1174_1353,0.739
2022_1174_1355,0.604
2022_1174_1361,0.76
2022_1174_1362,0.767
2022_1174_1371,0.78
2022_1174_1388,0.834
2022_1174_1389,0.519
2022_1174_1394,0.575
2022_1174_1395,0.748
2022_1174_1397,0.909
2022_1174_1400,0.7989999999999999
2022_1174_1403,0.916
2022_1174_1411,0.591
2022_1174_1412,0.6579999999999999
2022_1174_1417,0.886
2022_1174_1425,0.734
2022_1174_1436,0.638
2022_1174_1437,0.942
2022_1174_1439,0.771
2022_1174_1458,0.8029999999999999
2022_1174_1460,0.526
2022_1174_1461,0.7170000000000001
2022_1174_1463,0.583
2022_1181_1209,0.882
2022_1181_1211,0.65
2022_1181_1222,0.561
2022_1181_1228,0.511
2022_1181_1231,0.602
2022_1181_1234,0.548
2022_1181_1235,0.645
2022_1181_1240,0.834
2022_1181_1242,0.632
2022_1181_1246,0.6
2022_1181_1255,0.904
2022_1181_1260,0.717
2022_1181_1261,0.547
2022_1181_1266,0.585
2022_1181_1272,0.631
2022_1181_1274,0.668
2022_1181_1276,0.615
2022_1181_1277,0.583
2022_1181_1286,0.886
2022_1181_1293,0.784
2022_1181_1308,0.802
2022_1181_1313,0.894
2022_1181_1314,0.64
2022_1181_1323,0.719
2022_1181_1326,0.556
2022_1181_1344,0.627
2022_1181_1345,0.519
2022_1181_1350,0.785
2022_1181_1353,0.647
2022_1181_1355,0.818
2022_1181_1361,0.574
2022_1181_1362,0.656
2022_1181_1371,0.608
2022_1181_1388,0.594
2022_1181_1389,0.876
2022_1181_1394,0.894
2022_1181_1395,0.585
2022_1181_1397,0.609
2022_1181_1400,0.563
2022_1181_1403,0.562
2022_1181_1411,0.908
2022_1181_1412,0.765
2022_1181_1417,0.587
2022_1181_1425,0.683
2022_1181_1436,0.798
2022_1181_1437,0.603
2022_1181_1439,0.602
2022_1181_1458,0.539
2022_1181_1460,0.913
2022_1181_1461,0.675
2022_1181_1463,0.87
2022_1209_1211,0.914
2022_1209_1222,0.78
2022_1209_1228,0.85
2022_1209_1231,0.754
2022_1209_1234,0.834
2022_1209_1235,0.7050000000000001
2022_1209_1240,0.538
2022_1209_1242,0.929
2022_1209_1246,0.899
2022_1209_1255,0.515
2022_1209_1260,0.6779999999999999
2022_1209_1261,0.773
2022_1209_1266,0.748
2022_1209_1272,0.766
2022_1209_1274,0.665
2022_1209_1276,0.745
2022_1209_1277,0.766
2022_1209_1286,0.518
2022_1209_1293,0.616
2022_1209_1308,0.606
2022_1209_1313,0.516
2022_1209_1314,0.696
2022_1209_1323,0.725
2022_1209_1326,0.789
2022_1209_1344,0.744
2022_1209_1345,0.87
2022_1209_1350,0.648
2022_1209_1353,0.729
2022_1209_1355,0.5720000000000001
2022_1209_1361,0.757
2022_1209_1362,0.758
2022_1209_1371,0.772
2022_1209_1388,0.795
2022_1209_1389,0.544
2022_1209_1394,0.54
2022_1209_1395,0.72
2022_1209_1397,0.881
2022_1209_1400,0.763
2022_1209_1403,0.892
2022_1209_1411,0.506
2022_1209_1412,0.626
2022_1209_1417,0.888
2022_1209_1425,0.6819999999999999
2022_1209_1436,0.633
2022_1209_1437,0.922
2022_1209_1439,0.766
2022_1209_1458,0.76
2022_1209_1460,0.597
2022_1209_1461,0.716
2022_1209_1463,0.601
2022_1211_1222,0.621
2022_1211_1228,0.704
2022_1211_1231,0.74
2022_1211_1234,0.59
2022_1211_1235,0.769
2022_1211_1240,0.908
2022_1211_1242,0.572
2022_1211_1246,0.549
2022_1211_1255,0.975
2022_1211_1260,0.82
2022_1211_1261,0.701
2022_1211_1266,0.709
2022_1211_1272,0.734
2022_1211_1274,0.79
2022_1211_1276,0.732
2022_1211_1277,0.725
2022_1211_1286,0.942
2022_1211_1293,0.865
2022_1211_1308,0.879
2022_1211_1313,0.957
2022_1211_1314,0.779
2022_1211_1323,0.821
2022_1211_1326,0.724
2022_1211_1344,0.754
2022_1211_1345,0.65
2022_1211_1350,0.866
2022_1211_1353,0.759
2022_1211_1355,0.893
2022_1211_1361,0.734
2022_1211_1362,0.791
2022_1211_1371,0.75
2022_1211_1388,0.705
2022_1211_1389,0.94
2022_1211_1394,0.961
2022_1211_1395,0.75
2022_1211_1397,0.518
2022_1211_1400,0.716
2022_1211_1403,0.598
2022_1211_1411,0.975
2022_1211_1412,0.854
2022_1211_1417,0.572
2022_1211_1425,0.804
2022_1211_1436,0.874
2022_1211_1437,0.582
2022_1211_1439,0.729
2022_1211_1458,0.712
2022_1211_1460,0.972
2022_1211_1461,0.783
2022_1211_1463,0.942
2022_1222_1228,0.543
2022_1222_1231,0.624
2022_1222_1234,0.594
2022_1222_1235,0.632
2022_1222_1240,0.779
2022_1222_1242,0.634
2022_1222_1246,0.591
2022_1222_1255,0.852
2022_1222_1260,0.665
2022_1222_1261,0.54
2022_1222_1266,0.566
2022_1222_1272,0.571
2022_1222_1274,0.636
2022_1222_1276,0.621
2022_1222_1277,0.607
2022_1222_1286,0.845
2022_1222_1293,0.676
2022_1222_1308,0.758
2022_1222_1313,0.845
2022_1222_1314,0.636
2022_1222_1323,0.644
2022_1222_1326,0.509
2022_1222_1344,0.599
2022_1222_1345,0.524
2022_1222_1350,0.729
2022_1222_1353,0.61
2022_1222_1355,0.753
2022_1222_1361,0.586
2022_1222_1362,0.593
2022_1222_1371,0.589
2022_1222_1388,0.563
2022_1222_1389,0.843
2022_1222_1394,0.856
2022_1222_1395,0.643
2022_1222_1397,0.608
2022_1222_1400,0.574
2022_1222_1403,0.56
2022_1222_1411,0.848
2022_1222_1412,0.722
2022_1222_1417,0.621
2022_1222_1425,0.634
2022_1222_1436,0.723
2022_1222_1437,0.61
2022_1222_1439,0.596
2022_1222_1458,0.534
2022_1222_1460,0.848
2022_1222_1461,0.64
2022_1222_1463,0.827
2022_1228_1231,0.501
2022_1228_1234,0.598
2022_1228_1235,0.511
2022_1228_1240,0.746
2022_1228_1242,0.729
2022_1228_1246,0.654
2022_1228_1255,0.777
2022_1228_1260,0.608
2022_1228_1261,0.501
2022_1228_1266,0.513
2022_1228_1272,0.538
2022_1228_1274,0.617
2022_1228_1276,0.543
2022_1228_1277,0.526
2022_1228_1286,0.777
2022_1228_1293,0.643
2022_1228_1308,0.71
2022_1228_1313,0.789
2022_1228_1314,0.6
2022_1228_1323,0.678
2022_1228_1326,0.516
2022_1228_1344,0.581
2022_1228_1345,0.558
2022_1228_1350,0.73
2022_1228_1353,0.604
2022_1228_1355,0.687
2022_1228_1361,0.535
2022_1228_1362,0.559
2022_1228_1371,0.554
2022_1228_1388,0.562
2022_1228_1389,0.79
2022_1228_1394,0.815
2022_1228_1395,0.517
2022_1228_1397,0.688
2022_1228_1400,0.536
2022_1228_1403,0.597
2022_1228_1411,0.818
2022_1228_1412,0.61
2022_1228_1417,0.652
2022_1228_1425,0.62
2022_1228_1436,0.658
2022_1228_1437,0.688
2022_1228_1439,0.564
2022_1228_1458,0.503
2022_1228_1460,0.824
2022_1228_1461,0.604
2022_1228_1463,0.81
2022_1231_1234,0.671
2022_1231_1235,0.5369999999999999
2022_1231_1240,0.661
2022_1231_1242,0.752
2022_1231_1246,0.687
2022_1231_1255,0.709
2022_1231_1260,0.506
2022_1231_1261,0.593
2022_1231_1266,0.542
2022_1231_1272,0.595
2022_1231_1274,0.534
2022_1231_1276,0.53
2022_1231_1277,0.577
2022_1231_1286,0.72
2022_1231_1293,0.557
2022_1231_1308,0.626
2022_1231_1313,0.691
2022_1231_1314,0.52
2022_1231_1323,0.509
2022_1231_1326,0.5840000000000001
2022_1231_1344,0.536
2022_1231_1345,0.611
2022_1231_1350,0.606
2022_1231_1353,0.5409999999999999
2022_1231_1355,0.616
2022_1231_1361,0.5800000000000001
2022_1231_1362,0.5369999999999999
2022_1231_1371,0.569
2022_1231_1388,0.5569999999999999
2022_1231_1389,0.695
2022_1231_1394,0.699
2022_1231_1395,0.54
2022_1231_1397,0.734
2022_1231_1400,0.6
2022_1231_1403,0.651
2022_1231_1411,0.725
2022_1231_1412,0.551
2022_1231_1417,0.7090000000000001
2022_1231_1425,0.508
2022_1231_1436,0.585
2022_1231_1437,0.762
2022_1231_1439,0.577
2022_1231_1458,0.607
2022_1231_1460,0.714
2022_1231_1461,0.532
2022_1231_1463,0.701
2022_1234_1235,0.598
2022_1234_1240,0.792
2022_1234_1242,0.612
2022_1234_1246,0.5920000000000001
2022_1234_1255,0.903
2022_1234_1260,0.706
2022_1234_1261,0.511
2022_1234_1266,0.567
2022_1234_1272,0.56
2022_1234_1274,0.652
2022_1234_1276,0.582
2022_1234_1277,0.551
2022_1234_1286,0.873
2022_1234_1293,0.746
2022_1234_1308,0.784
2022_1234_1313,0.891
2022_1234_1314,0.651
2022_1234_1323,0.671
2022_1234_1326,0.52
2022_1234_1344,0.616
2022_1234_1345,0.513
2022_1234_1350,0.77
2022_1234_1353,0.609
2022_1234_1355,0.8
2022_1234_1361,0.548
2022_1234_1362,0.626
2022_1234_1371,0.588
2022_1234_1388,0.552
2022_1234_1389,0.879
2022_1234_1394,0.872
2022_1234_1395,0.575
2022_1234_1397,0.5880000000000001
2022_1234_1400,0.551
2022_1234_1403,0.53
2022_1234_1411,0.899
2022_1234_1412,0.769
2022_1234_1417,0.575
2022_1234_1425,0.638
2022_1234_1436,0.778
2022_1234_1437,0.589
2022_1234_1439,0.581
2022_1234_1458,0.543
2022_1234_1460,0.885
2022_1234_1461,0.615
2022_1234_1463,0.861
2022_1235_1240,0.651
2022_1235_1242,0.759
2022_1235_1246,0.742
2022_1235_1255,0.667
2022_1235_1260,0.506
2022_1235_1261,0.5740000000000001
2022_1235_1266,0.5609999999999999
2022_1235_1272,0.5860000000000001
2022_1235_1274,0.575
2022_1235_1276,0.5329999999999999
2022_1235_1277,0.625
2022_1235_1286,0.669
2022_1235_1293,0.508
2022_1235_1308,0.564
2022_1235_1313,0.639
2022_1235_1314,0.524
2022_1235_1323,0.5349999999999999
2022_1235_1326,0.61
2022_1235_1344,0.5820000000000001
2022_1235_1345,0.679
2022_1235_1350,0.592
2022_1235_1353,0.5589999999999999
2022_1235_1355,0.551
2022_1235_1361,0.603
2022_1235_1362,0.563
2022_1235_1371,0.591
2022_1235_1388,0.602
2022_1235_1389,0.682
2022_1235_1394,0.709
2022_1235_1395,0.5469999999999999
2022_1235_1397,0.761
2022_1235_1400,0.5860000000000001
2022_1235_1403,0.7030000000000001
2022_1235_1411,0.716
2022_1235_1412,0.552
2022_1235_1417,0.688
2022_1235_1425,0.5369999999999999
2022_1235_1436,0.575
2022_1235_1437,0.779
2022_1235_1439,0.5640000000000001
2022_1235_1458,0.657
2022_1235_1460,0.69
2022_1235_1461,0.594
2022_1235_1463,0.632
2022_1240_1242,0.926
2022_1240_1246,0.893
2022_1240_1255,0.516
2022_1240_1260,0.7150000000000001
2022_1240_1261,0.78
2022_1240_1266,0.758
2022_1240_1272,0.762
2022_1240_1274,0.6639999999999999
2022_1240_1276,0.72
2022_1240_1277,0.769
2022_1240_1286,0.501
2022_1240_1293,0.6639999999999999
2022_1240_1308,0.569
2022_1240_1313,0.513
2022_1240_1314,0.6990000000000001
2022_1240_1323,0.7
2022_1240_1326,0.788
2022_1240_1344,0.743
2022_1240_1345,0.86
2022_1240_1350,0.6
2022_1240_1353,0.724
2022_1240_1355,0.602
2022_1240_1361,0.768
2022_1240_1362,0.734
2022_1240_1371,0.735
2022_1240_1388,0.794
2022_1240_1389,0.524
2022_1240_1394,0.555
2022_1240_1395,0.712
2022_1240_1397,0.867
2022_1240_1400,0.728
2022_1240_1403,0.887
2022_1240_1411,0.543
2022_1240_1412,0.643
2022_1240_1417,0.875
2022_1240_1425,0.6839999999999999
2022_1240_1436,0.641
2022_1240_1437,0.931
2022_1240_1439,0.756
2022_1240_1458,0.762
2022_1240_1460,0.525
2022_1240_1461,0.673
2022_1240_1463,0.563
2022_1242_1246,0.509
2022_1242_1255,0.932
2022_1242_1260,0.785
2022_1242_1261,0.665
2022_1242_1266,0.647
2022_1242_1272,0.72
2022_1242_1274,0.771
2022_1242_1276,0.631
2022_1242_1277,0.615
2022_1242_1286,0.882
2022_1242_1293,0.828
2022_1242_1308,0.84
2022_1242_1313,0.919
2022_1242_1314,0.717
2022_1242_1323,0.784
2022_1242_1326,0.682
2022_1242_1344,0.732
2022_1242_1345,0.628
2022_1242_1350,0.83
2022_1242_1353,0.733
2022_1242_1355,0.85
2022_1242_1361,0.698
2022_1242_1362,0.738
2022_1242_1371,0.706
2022_1242_1388,0.663
2022_1242_1389,0.887
2022_1242_1394,0.928
2022_1242_1395,0.643
2022_1242_1397,0.565
2022_1242_1400,0.636
2022_1242_1403,0.551
2022_1242_1411,0.941
2022_1242_1412,0.802
2022_1242_1417,0.506
2022_1242_1425,0.781
2022_1242_1436,0.816
2022_1242_1437,0.548
2022_1242_1439,0.717
2022_1242_1458,0.647
2022_1242_1460,0.93
2022_1242_1461,0.75
2022_1242_1463,0.89
2022_1246_1255,0.964
2022_1246_1260,0.777
2022_1246_1261,0.661
2022_1246_1266,0.692
2022_1246_1272,0.734
2022_1246_1274,0.783
2022_1246_1276,0.696
2022_1246_1277,0.656
2022_1246_1286,0.932
2022_1246_1293,0.846
2022_1246_1308,0.873
2022_1246_1313,0.943
2022_1246_1314,0.739
2022_1246_1323,0.818
2022_1246_1326,0.673
2022_1246_1344,0.716
2022_1246_1345,0.611
2022_1246_1350,0.882
2022_1246_1353,0.735
2022_1246_1355,0.872
2022_1246_1361,0.712
2022_1246_1362,0.774
2022_1246_1371,0.726
2022_1246_1388,0.703
2022_1246_1389,0.951
2022_1246_1394,0.937
2022_1246_1395,0.715
2022_1246_1397,0.502
2022_1246_1400,0.675
2022_1246_1403,0.553
2022_1246_1411,0.963
2022_1246_1412,0.838
2022_1246_1417,0.548
2022_1246_1425,0.803
2022_1246_1436,0.857
2022_1246_1437,0.505
2022_1246_1439,0.72
2022_1246_1458,0.635
2022_1246_1460,0.958
2022_1246_1461,0.762
2022_1246_1463,0.932
2022_1255_1260,0.6910000000000001
2022_1255_1261,0.834
2022_1255_1266,0.794
2022_1255_1272,0.759
2022_1255_1274,0.706
2022_1255_1276,0.778
2022_1255_1277,0.8
2022_1255_1286,0.5589999999999999
2022_1255_1293,0.627
2022_1255_1308,0.6
2022_1255_1313,0.534
2022_1255_1314,0.704
2022_1255_1323,0.753
2022_1255_1326,0.84
2022_1255_1344,0.75
2022_1255_1345,0.881
2022_1255_1350,0.636
2022_1255_1353,0.746
2022_1255_1355,0.5820000000000001
2022_1255_1361,0.789
2022_1255_1362,0.786
2022_1255_1371,0.8
2022_1255_1388,0.802
2022_1255_1389,0.556
2022_1255_1394,0.508
2022_1255_1395,0.76
2022_1255_1397,0.898
2022_1255_1400,0.798
2022_1255_1403,0.924
2022_1255_1411,0.506
2022_1255_1412,0.621
2022_1255_1417,0.911
2022_1255_1425,0.736
2022_1255_1436,0.609
2022_1255_1437,0.917
2022_1255_1439,0.768
2022_1255_1458,0.806
2022_1255_1460,0.591
2022_1255_1461,0.725
2022_1255_1463,0.601
2022_1260_1261,0.591
2022_1260_1266,0.573
2022_1260_1272,0.548
2022_1260_1274,0.523
2022_1260_1276,0.538
2022_1260_1277,0.5349999999999999
2022_1260_1286,0.717
2022_1260_1293,0.537
2022_1260_1308,0.615
2022_1260_1313,0.718
2022_1260_1314,0.536
2022_1260_1323,0.508
2022_1260_1326,0.629
2022_1260_1344,0.529
2022_1260_1345,0.647
2022_1260_1350,0.576
2022_1260_1353,0.5409999999999999
2022_1260_1355,0.611
2022_1260_1361,0.5329999999999999
2022_1260_1362,0.5469999999999999
2022_1260_1371,0.523
2022_1260_1388,0.55
2022_1260_1389,0.688
2022_1260_1394,0.712
2022_1260_1395,0.513
2022_1260_1397,0.724
2022_1260_1400,0.565
2022_1260_1403,0.6719999999999999
2022_1260_1411,0.713
2022_1260_1412,0.598
2022_1260_1417,0.6659999999999999
2022_1260_1425,0.523
2022_1260_1436,0.596
2022_1260_1437,0.736
2022_1260_1439,0.536
2022_1260_1458,0.5840000000000001
2022_1260_1460,0.72
2022_1260_1461,0.502
2022_1260_1463,0.681
2022_1261_1266,0.511
2022_1261_1272,0.523
2022_1261_1274,0.558
2022_1261_1276,0.506
2022_1261_1277,0.5569999999999999
2022_1261_1286,0.846
2022_1261_1293,0.643
2022_1261_1308,0.745
2022_1261_1313,0.82
2022_1261_1314,0.583
2022_1261_1323,0.572
2022_1261_1326,0.567
2022_1261_1344,0.513
2022_1261_1345,0.614
2022_1261_1350,0.744
2022_1261_1353,0.513
2022_1261_1355,0.733
2022_1261_1361,0.529
2022_1261_1362,0.521
2022_1261_1371,0.55
2022_1261_1388,0.506
2022_1261_1389,0.833
2022_1261_1394,0.827
2022_1261_1395,0.5489999999999999
2022_1261_1397,0.714
2022_1261_1400,0.5840000000000001
2022_1261_1403,0.657
2022_1261_1411,0.834
2022_1261_1412,0.662
2022_1261_1417,0.679
2022_1261_1425,0.539
2022_1261_1436,0.701
2022_1261_1437,0.769
2022_1261_1439,0.567
2022_1261_1458,0.5680000000000001
2022_1261_1460,0.842
2022_1261_1461,0.538
2022_1261_1463,0.794
2022_1266_1272,0.536
2022_1266_1274,0.521
2022_1266_1276,0.504
2022_1266_1277,0.583
2022_1266_1286,0.719
2022_1266_1293,0.577
2022_1266_1308,0.659
2022_1266_1313,0.715
2022_1266_1314,0.524
2022_1266_1323,0.576
2022_1266_1326,0.5429999999999999
2022_1266_1344,0.529
2022_1266_1345,0.623
2022_1266_1350,0.655
2022_1266_1353,0.517
2022_1266_1355,0.638
2022_1266_1361,0.583
2022_1266_1362,0.513
2022_1266_1371,0.521
2022_1266_1388,0.503
2022_1266_1389,0.723
2022_1266_1394,0.723
2022_1266_1395,0.5329999999999999
2022_1266_1397,0.7010000000000001
2022_1266_1400,0.585
2022_1266_1403,0.6779999999999999
2022_1266_1411,0.761
2022_1266_1412,0.552
2022_1266_1417,0.651
2022_1266_1425,0.532
2022_1266_1436,0.619
2022_1266_1437,0.747
2022_1266_1439,0.5489999999999999
2022_1266_1458,0.5800000000000001
2022_1266_1460,0.731
2022_1266_1461,0.538
2022_1266_1463,0.699
2022_1272_1274,0.537
2022_1272_1276,0.59
2022_1272_1277,0.546
2022_1272_1286,0.792
2022_1272_1293,0.59
2022_1272_1308,0.667
2022_1272_1313,0.79
2022_1272_1314,0.577
2022_1272_1323,0.598
2022_1272_1326,0.524
2022_1272_1344,0.551
2022_1272_1345,0.579
2022_1272_1350,0.653
2022_1272_1353,0.561
2022_1272_1355,0.674
2022_1272_1361,0.538
2022_1272_1362,0.557
2022_1272_1371,0.554
2022_1272_1388,0.514
2022_1272_1389,0.761
2022_1272_1394,0.767
2022_1272_1395,0.589
2022_1272_1397,0.714
2022_1272_1400,0.51
2022_1272_1403,0.6679999999999999
2022_1272_1411,0.784
2022_1272_1412,0.632
2022_1272_1417,0.6699999999999999
2022_1272_1425,0.559
2022_1272_1436,0.66
2022_1272_1437,0.74
2022_1272_1439,0.503
2022_1272_1458,0.513
2022_1272_1460,0.771
2022_1272_1461,0.576
2022_1272_1463,0.762
2022_1274_1276,0.615
2022_1274_1277,0.629
2022_1274_1286,0.656
2022_1274_1293,0.528
2022_1274_1308,0.586
2022_1274_1313,0.65
2022_1274_1314,0.603
2022_1274_1323,0.637
2022_1274_1326,0.6659999999999999
2022_1274_1344,0.5900000000000001
2022_1274_1345,0.718
2022_1274_1350,0.539
2022_1274_1353,0.63
2022_1274_1355,0.558
2022_1274_1361,0.677
2022_1274_1362,0.624
2022_1274_1371,0.6859999999999999
2022_1274_1388,0.655
2022_1274_1389,0.636
2022_1274_1394,0.682
2022_1274_1395,0.637
2022_1274_1397,0.779
2022_1274_1400,0.702
2022_1274_1403,0.781
2022_1274_1411,0.661
2022_1274_1412,0.521
2022_1274_1417,0.771
2022_1274_1425,0.627
2022_1274_1436,0.529
2022_1274_1437,0.794
2022_1274_1439,0.6739999999999999
2022_1274_1458,0.6599999999999999
2022_1274_1460,0.66
2022_1274_1461,0.625
2022_1274_1463,0.588
2022_1276_1277,0.632
2022_1276_1286,0.668
2022_1276_1293,0.545
2022_1276_1308,0.574
2022_1276_1313,0.657
2022_1276_1314,0.52
2022_1276_1323,0.513
2022_1276_1326,0.5609999999999999
2022_1276_1344,0.5489999999999999
2022_1276_1345,0.629
2022_1276_1350,0.598
2022_1276_1353,0.531
2022_1276_1355,0.581
2022_1276_1361,0.5880000000000001
2022_1276_1362,0.53
2022_1276_1371,0.5700000000000001
2022_1276_1388,0.5509999999999999
2022_1276_1389,0.661
2022_1276_1394,0.695
2022_1276_1395,0.571
2022_1276_1397,0.716
2022_1276_1400,0.597
2022_1276_1403,0.659
2022_1276_1411,0.681
2022_1276_1412,0.512
2022_1276_1417,0.6859999999999999
2022_1276_1425,0.502
2022_1276_1436,0.581
2022_1276_1437,0.7070000000000001
2022_1276_1439,0.528
2022_1276_1458,0.607
2022_1276_1460,0.663
2022_1276_1461,0.523
2022_1276_1463,0.648
2022_1277_1286,0.73
2022_1277_1293,0.577
2022_1277_1308,0.648
2022_1277_1313,0.723
2022_1277_1314,0.54
2022_1277_1323,0.57
2022_1277_1326,0.54
2022_1277_1344,0.538
2022_1277_1345,0.612
2022_1277_1350,0.66
2022_1277_1353,0.517
2022_1277_1355,0.643
2022_1277_1361,0.538
2022_1277_1362,0.502
2022_1277_1371,0.52
2022_1277_1388,0.512
2022_1277_1389,0.728
2022_1277_1394,0.764
2022_1277_1395,0.509
2022_1277_1397,0.7010000000000001
2022_1277_1400,0.5680000000000001
2022_1277_1403,0.665
2022_1277_1411,0.781
2022_1277_1412,0.574
2022_1277_1417,0.642
2022_1277_1425,0.529
2022_1277_1436,0.618
2022_1277_1437,0.734
2022_1277_1439,0.525
2022_1277_1458,0.554
2022_1277_1460,0.735
2022_1277_1461,0.535
2022_1277_1463,0.732
2022_1286_1293,0.629
2022_1286_1308,0.575
2022_1286_1313,0.52
2022_1286_1314,0.7170000000000001
2022_1286_1323,0.719
2022_1286_1326,0.83
2022_1286_1344,0.759
2022_1286_1345,0.876
2022_1286_1350,0.599
2022_1286_1353,0.727
2022_1286_1355,0.593
2022_1286_1361,0.755
2022_1286_1362,0.777
2022_1286_1371,0.786
2022_1286_1388,0.821
2022_1286_1389,0.527
2022_1286_1394,0.519
2022_1286_1395,0.744
2022_1286_1397,0.884
2022_1286_1400,0.788
2022_1286_1403,0.908
2022_1286_1411,0.522
2022_1286_1412,0.606
2022_1286_1417,0.887
2022_1286_1425,0.725
2022_1286_1436,0.606
2022_1286_1437,0.92
2022_1286_1439,0.747
2022_1286_1458,0.7969999999999999
2022_1286_1460,0.5660000000000001
2022_1286_1461,0.722
2022_1286_1463,0.602
2022_1293_1308,0.652
2022_1293_1313,0.756
2022_1293_1314,0.566
2022_1293_1323,0.595
2022_1293_1326,0.573
2022_1293_1344,0.502
2022_1293_1345,0.659
2022_1293_1350,0.637
2022_1293_1353,0.505
2022_1293_1355,0.668
2022_1293_1361,0.503
2022_1293_1362,0.505
2022_1293_1371,0.522
2022_1293_1388,0.506
2022_1293_1389,0.726
2022_1293_1394,0.749
2022_1293_1395,0.519
2022_1293_1397,0.71
2022_1293_1400,0.511
2022_1293_1403,0.6659999999999999
2022_1293_1411,0.736
2022_1293_1412,0.621
2022_1293_1417,0.675
2022_1293_1425,0.588
2022_1293_1436,0.62
2022_1293_1437,0.726
2022_1293_1439,0.511
2022_1293_1458,0.5509999999999999
2022_1293_1460,0.729
2022_1293_1461,0.563
2022_1293_1463,0.71
2022_1308_1313,0.621
2022_1308_1314,0.62
2022_1308_1323,0.598
2022_1308_1326,0.683
2022_1308_1344,0.653
2022_1308_1345,0.784
2022_1308_1350,0.519
2022_1308_1353,0.608
2022_1308_1355,0.509
2022_1308_1361,0.681
2022_1308_1362,0.655
2022_1308_1371,0.659
2022_1308_1388,0.669
2022_1308_1389,0.568
2022_1308_1394,0.624
2022_1308_1395,0.601
2022_1308_1397,0.835
2022_1308_1400,0.656
2022_1308_1403,0.817
2022_1308_1411,0.636
2022_1308_1412,0.521
2022_1308_1417,0.817
2022_1308_1425,0.614
2022_1308_1436,0.503
2022_1308_1437,0.859
2022_1308_1439,0.6679999999999999
2022_1308_1458,0.71
2022_1308_1460,0.595
2022_1308_1461,0.591
2022_1308_1463,0.549
2022_1313_1314,0.673
2022_1313_1323,0.6930000000000001
2022_1313_1326,0.787
2022_1313_1344,0.729
2022_1313_1345,0.851
2022_1313_1350,0.615
2022_1313_1353,0.71
2022_1313_1355,0.571
2022_1313_1361,0.742
2022_1313_1362,0.747
2022_1313_1371,0.754
2022_1313_1388,0.759
2022_1313_1389,0.569
2022_1313_1394,0.503
2022_1313_1395,0.698
2022_1313_1397,0.878
2022_1313_1400,0.757
2022_1313_1403,0.894
2022_1313_1411,0.516
2022_1313_1412,0.594
2022_1313_1417,0.898
2022_1313_1425,0.677
2022_1313_1436,0.609
2022_1313_1437,0.889
2022_1313_1439,0.747
2022_1313_1458,0.737
2022_1313_1460,0.597
2022_1313_1461,0.7010000000000001
2022_1313_1463,0.593
2022_1314_1323,0.51
2022_1314_1326,0.575
2022_1314_1344,0.5389999999999999
2022_1314_1345,0.632
2022_1314_1350,0.613
2022_1314_1353,0.513
2022_1314_1355,0.683
2022_1314_1361,0.603
2022_1314_1362,0.518
2022_1314_1371,0.5389999999999999
2022_1314_1388,0.54
2022_1314_1389,0.747
2022_1314_1394,0.75
2022_1314_1395,0.525
2022_1314_1397,0.692
2022_1314_1400,0.554
2022_1314_1403,0.673
2022_1314_1411,0.757
2022_1314_1412,0.648
2022_1314_1417,0.663
2022_1314_1425,0.513
2022_1314_1436,0.677
2022_1314_1437,0.743
2022_1314_1439,0.54
2022_1314_1458,0.601
2022_1314_1460,0.753
2022_1314_1461,0.513
2022_1314_1463,0.692
2022_1323_1326,0.648
2022_1323_1344,0.542
2022_1323_1345,0.704
2022_1323_1350,0.577
2022_1323_1353,0.5840000000000001
2022_1323_1355,0.596
2022_1323_1361,0.644
2022_1323_1362,0.632
2022_1323_1371,0.629
2022_1323_1388,0.62
2022_1323_1389,0.709
2022_1323_1394,0.711
2022_1323_1395,0.603
2022_1323_1397,0.747
2022_1323_1400,0.649
2022_1323_1403,0.723
2022_1323_1411,0.717
2022_1323_1412,0.509
2022_1323_1417,0.7150000000000001
2022_1323_1425,0.591
2022_1323_1436,0.558
2022_1323_1437,0.776
2022_1323_1439,0.628
2022_1323_1458,0.646
2022_1323_1460,0.723
2022_1323_1461,0.5860000000000001
2022_1323_1463,0.636
2022_1326_1344,0.511
2022_1326_1345,0.573
2022_1326_1350,0.665
2022_1326_1353,0.525
2022_1326_1355,0.627
2022_1326_1361,0.526
2022_1326_1362,0.522
2022_1326_1371,0.512
2022_1326_1388,0.501
2022_1326_1389,0.733
2022_1326_1394,0.764
2022_1326_1395,0.528
2022_1326_1397,0.6779999999999999
2022_1326_1400,0.552
2022_1326_1403,0.644
2022_1326_1411,0.781
2022_1326_1412,0.545
2022_1326_1417,0.6599999999999999
2022_1326_1425,0.562
2022_1326_1436,0.636
2022_1326_1437,0.7090000000000001
2022_1326_1439,0.515
2022_1326_1458,0.5449999999999999
2022_1326_1460,0.751
2022_1326_1461,0.557
2022_1326_1463,0.692
2022_1344_1345,0.605
2022_1344_1350,0.596
2022_1344_1353,0.515
2022_1344_1355,0.602
2022_1344_1361,0.556
2022_1344_1362,0.524
2022_1344_1371,0.569
2022_1344_1388,0.558
2022_1344_1389,0.673
2022_1344_1394,0.732
2022_1344_1395,0.542
2022_1344_1397,0.716
2022_1344_1400,0.5429999999999999
2022_1344_1403,0.657
2022_1344_1411,0.723
2022_1344_1412,0.528
2022_1344_1417,0.673
2022_1344_1425,0.522
2022_1344_1436,0.59
2022_1344_1437,0.718
2022_1344_1439,0.53
2022_1344_1458,0.56
2022_1344_1460,0.715
2022_1344_1461,0.501
2022_1344_1463,0.655
2022_1345_1350,0.811
2022_1345_1353,0.679
2022_1345_1355,0.766
2022_1345_1361,0.634
2022_1345_1362,0.653
2022_1345_1371,0.646
2022_1345_1388,0.618
2022_1345_1389,0.854
2022_1345_1394,0.876
2022_1345_1395,0.596
2022_1345_1397,0.61
2022_1345_1400,0.573
2022_1345_1403,0.5429999999999999
2022_1345_1411,0.898
2022_1345_1412,0.695
2022_1345_1417,0.5509999999999999
2022_1345_1425,0.732
2022_1345_1436,0.764
2022_1345_1437,0.583
2022_1345_1439,0.646
2022_1345_1458,0.582
2022_1345_1460,0.909
2022_1345_1461,0.736
2022_1345_1463,0.859
2022_1350_1353,0.589
2022_1350_1355,0.505
2022_1350_1361,0.657
2022_1350_1362,0.641
2022_1350_1371,0.654
2022_1350_1388,0.6970000000000001
2022_1350_1389,0.612
2022_1350_1394,0.647
2022_1350_1395,0.5660000000000001
2022_1350_1397,0.806
2022_1350_1400,0.645
2022_1350_1403,0.765
2022_1350_1411,0.651
2022_1350_1412,0.528
2022_1350_1417,0.785
2022_1350_1425,0.583
2022_1350_1436,0.523
2022_1350_1437,0.83
2022_1350_1439,0.6619999999999999
2022_1350_1458,0.638
2022_1350_1460,0.601
2022_1350_1461,0.5700000000000001
2022_1350_1463,0.584
2022_1353_1355,0.558
2022_1353_1361,0.579
2022_1353_1362,0.583
2022_1353_1371,0.593
2022_1353_1388,0.5640000000000001
2022_1353_1389,0.637
2022_1353_1394,0.669
2022_1353_1395,0.595
2022_1353_1397,0.723
2022_1353_1400,0.6639999999999999
2022_1353_1403,0.729
2022_1353_1411,0.693
2022_1353_1412,0.524
2022_1353_1417,0.6970000000000001
2022_1353_1425,0.5449999999999999
2022_1353_1436,0.516
2022_1353_1437,0.746
2022_1353_1439,0.604
2022_1353_1458,0.587
2022_1353_1460,0.667
2022_1353_1461,0.56
2022_1353_1463,0.613
2022_1355_1361,0.628
2022_1355_1362,0.635
2022_1355_1371,0.62
2022_1355_1388,0.643
2022_1355_1389,0.604
2022_1355_1394,0.633
2022_1355_1395,0.608
2022_1355_1397,0.8069999999999999
2022_1355_1400,0.648
2022_1355_1403,0.815
2022_1355_1411,0.638
2022_1355_1412,0.507
2022_1355_1417,0.8009999999999999
2022_1355_1425,0.5329999999999999
2022_1355_1436,0.513
2022_1355_1437,0.8220000000000001
2022_1355_1439,0.632
2022_1355_1458,0.679
2022_1355_1460,0.605
2022_1355_1461,0.565
2022_1355_1463,0.574
2022_1361_1362,0.504
2022_1361_1371,0.552
2022_1361_1388,0.508
2022_1361_1389,0.774
2022_1361_1394,0.8
2022_1361_1395,0.571
2022_1361_1397,0.723
2022_1361_1400,0.511
2022_1361_1403,0.616
2022_1361_1411,0.811
2022_1361_1412,0.628
2022_1361_1417,0.645
2022_1361_1425,0.553
2022_1361_1436,0.662
2022_1361_1437,0.71
2022_1361_1439,0.532
2022_1361_1458,0.501
2022_1361_1460,0.809
2022_1361_1461,0.559
2022_1361_1463,0.763
2022_1362_1371,0.5569999999999999
2022_1362_1388,0.5469999999999999
2022_1362_1389,0.745
2022_1362_1394,0.738
2022_1362_1395,0.501
2022_1362_1397,0.698
2022_1362_1400,0.563
2022_1362_1403,0.623
2022_1362_1411,0.745
2022_1362_1412,0.574
2022_1362_1417,0.6599999999999999
2022_1362_1425,0.548
2022_1362_1436,0.605
2022_1362_1437,0.733
2022_1362_1439,0.5409999999999999
2022_1362_1458,0.5609999999999999
2022_1362_1460,0.741
2022_1362_1461,0.519
2022_1362_1463,0.713
2022_1371_1388,0.552
2022_1371_1389,0.712
2022_1371_1394,0.72
2022_1371_1395,0.523
2022_1371_1397,0.731
2022_1371_1400,0.605
2022_1371_1403,0.65
2022_1371_1411,0.754
2022_1371_1412,0.501
2022_1371_1417,0.6599999999999999
2022_1371_1425,0.53
2022_1371_1436,0.546
2022_1371_1437,0.73
2022_1371_1439,0.5529999999999999
2022_1371_1458,0.5640000000000001
2022_1371_1460,0.717
2022_1371_1461,0.544
2022_1371_1463,0.67
2022_1388_1389,0.847
2022_1388_1394,0.838
2022_1388_1395,0.51
2022_1388_1397,0.663
2022_1388_1400,0.501
2022_1388_1403,0.615
2022_1388_1411,0.848
2022_1388_1412,0.687
2022_1388_1417,0.642
2022_1388_1425,0.608
2022_1388_1436,0.709
2022_1388_1437,0.6839999999999999
2022_1388_1439,0.569
2022_1388_1458,0.546
2022_1388_1460,0.847
2022_1388_1461,0.594
2022_1388_1463,0.818
2022_1389_1394,0.554
2022_1389_1395,0.708
2022_1389_1397,0.892
2022_1389_1400,0.775
2022_1389_1403,0.906
2022_1389_1411,0.548
2022_1389_1412,0.649
2022_1389_1417,0.893
2022_1389_1425,0.7030000000000001
2022_1389_1436,0.616
2022_1389_1437,0.937
2022_1389_1439,0.748
2022_1389_1458,0.792
2022_1389_1460,0.536
2022_1389_1461,0.698
2022_1389_1463,0.571
2022_1394_1395,0.722
2022_1394_1397,0.896
2022_1394_1400,0.767
2022_1394_1403,0.914
2022_1394_1411,0.528
2022_1394_1412,0.6839999999999999
2022_1394_1417,0.894
2022_1394_1425,0.7090000000000001
2022_1394_1436,0.673
2022_1394_1437,0.9299999999999999
2022_1394_1439,0.771
2022_1394_1458,0.786
2022_1394_1460,0.618
2022_1394_1461,0.708
2022_1394_1463,0.63
2022_1395_1397,0.808
2022_1395_1400,0.607
2022_1395_1403,0.765
2022_1395_1411,0.757
2022_1395_1412,0.565
2022_1395_1417,0.735
2022_1395_1425,0.5409999999999999
2022_1395_1436,0.611
2022_1395_1437,0.819
2022_1395_1439,0.635
2022_1395_1458,0.661
2022_1395_1460,0.742
2022_1395_1461,0.5900000000000001
2022_1395_1463,0.685
2022_1397_1400,0.601
2022_1397_1403,0.547
2022_1397_1411,0.938
2022_1397_1412,0.813
2022_1397_1417,0.52
2022_1397_1425,0.775
2022_1397_1436,0.845
2022_1397_1437,0.5429999999999999
2022_1397_1439,0.675
2022_1397_1458,0.622
2022_1397_1460,0.921
2022_1397_1461,0.729
2022_1397_1463,0.889
2022_1400_1403,0.663
2022_1400_1411,0.799
2022_1400_1412,0.643
2022_1400_1417,0.6739999999999999
2022_1400_1425,0.532
2022_1400_1436,0.675
2022_1400_1437,0.7989999999999999
2022_1400_1439,0.5449999999999999
2022_1400_1458,0.5900000000000001
2022_1400_1460,0.818
2022_1400_1461,0.502
2022_1400_1463,0.789
2022_1403_1411,0.915
2022_1403_1412,0.766
2022_1403_1417,0.516
2022_1403_1425,0.769
2022_1403_1436,0.815
2022_1403_1437,0.593
2022_1403_1439,0.668
2022_1403_1458,0.615
2022_1403_1460,0.926
2022_1403_1461,0.728
2022_1403_1463,0.907
2022_1411_1412,0.644
2022_1411_1417,0.883
2022_1411_1425,0.733
2022_1411_1436,0.638
2022_1411_1437,0.899
2022_1411_1439,0.762
2022_1411_1458,0.7989999999999999
2022_1411_1460,0.587
2022_1411_1461,0.719
2022_1411_1463,0.602
2022_1412_1417,0.769
2022_1412_1425,0.517
2022_1412_1436,0.539
2022_1412_1437,0.781
2022_1412_1439,0.5529999999999999
2022_1412_1458,0.651
2022_1412_1460,0.606
2022_1412_1461,0.51
2022_1412_1463,0.625
2022_1417_1425,0.686
2022_1417_1436,0.833
2022_1417_1437,0.612
2022_1417_1439,0.592
2022_1417_1458,0.544
2022_1417_1460,0.928
2022_1417_1461,0.69
2022_1417_1463,0.895
2022_1425_1436,0.622
2022_1425_1437,0.768
2022_1425_1439,0.5549999999999999
2022_1425_1458,0.617
2022_1425_1460,0.792
2022_1425_1461,0.5349999999999999
2022_1425_1463,0.691
2022_1436_1437,0.8260000000000001
2022_1436_1439,0.647
2022_1436_1458,0.6719999999999999
2022_1436_1460,0.548
2022_1436_1461,0.593
2022_1436_1463,0.537
2022_1437_1439,0.731
2022_1437_1458,0.659
2022_1437_1460,0.942
2022_1437_1461,0.743
2022_1437_1463,0.896
2022_1439_1458,0.5589999999999999
2022_1439_1460,0.764
2022_1439_1461,0.508
2022_1439_1463,0.713
2022_1458_1460,0.748
2022_1458_1461,0.517
2022_1458_1463,0.703
2022_1460_1461,0.756
2022_1460_1463,0.61
2022_1461_1463,0.618
